label,text
spam,"Congratulations! You have won $1,000,000 in the International Mobile Lottery. Click here to claim your cash prize immediately."
spam,"URGENT: Your bank account has been temporarily suspended due to unauthorized access. Verify your identity now at http://secure-bank-login.xyz"
spam,"You are the lucky winner of a $500 Amazon Gift Card! Click this link to confirm your delivery address before midnight."
spam,"Work from home and earn $5,000 a week with no experience required! Guaranteed income, sign up now."
spam,"FINAL NOTICE: Your Netflix subscription has expired. Update your credit card details immediately to avoid cancellation."
spam,"Claim your free Bitcoin reward! Invest $100 today and receive 10x returns guaranteed within 24 hours."
spam,"Dear beneficiary, a fund of 10.5 Million USD has been approved for transfer to your personal bank account. Contact us with your bank details."
spam,"Urgent action required: Your email storage quota has exceeded 99%. Validate your password here to prevent account deactivation."
spam,"Special promotion! Get 90% discount on designer luxury watches. Limited stock available, buy now at cheapluxury.biz"
spam,"You have 1 pending parcel waiting at our customs terminal. Pay $2.99 clearance fee now to initiate instant delivery."
spam,"Exclusive VIP Casino Bonus: Claim 200 free spins and double your deposit now. Win real money instantly!"
spam,"Account Alert: We detected an unrecognized login attempt from Russia. Change your security PIN immediately via this link."
spam,"Congratulations user! Your phone number won second place in our annual sweepstakes draw. Contact agent immediately."
spam,"Double your crypto assets in 48 hours. Guaranteed arbitrage trading bot with zero risk. Deposit Ethereum now."
spam,"URGENT PAYMENT NOTIFICATION: Your outstanding invoice #88492 is overdue. Open the attached ZIP file to avoid legal action."
spam,"Survey Reward: Complete this 2-minute questionnaire and win an Apple iPhone 15 Pro Max free. Offer ends in 1 hour."
spam,"Instant cash loan approved up to $50,000 without credit check! Click to receive instant disbursement in your checking account."
spam,"Warning: Your PayPal account has been limited due to suspicious transactions. Click here to resolve limitations."
spam,"Reclaim your lost funds! Our recovery agency guarantees 100% refund of scam funds. Send your case details now."
spam,"Weight loss miracle pill! Burn 15 pounds in 7 days without exercise or diet. Doctors hate this secret, order today."
spam,"Free government stimulus grant available for you. Claim your $4,200 non-repayable grant before funds run out."
spam,"Notice of asset seizure: You owe back taxes to the federal revenue service. Call our hotline immediately to avoid arrest."
spam,"Congratulations! You have been selected as our Shopper of the Month. Claim your $250 Walmart voucher now."
spam,"Earn passive income by renting your social media account. We pay $300 weekly guaranteed. No effort needed."
spam,"Security warning: Someone tried to access your cryptocurrency wallet. Confirm your secret seed phrase here to lock account."
spam,"Hot single girls waiting to chat with you in your neighborhood! Click here for 100% free private video webcam."
spam,"Pre-approved platinum credit card with 0% interest and $25,000 credit limit. No paperwork needed, apply instantly."
spam,"Reminder: Your package tracking number #992819 cannot be delivered. Update your home address and pay redelivery fee."
spam,"Urgent message from CEO: I am currently in a meeting and need you to purchase 5 Apple gift cards immediately for a client."
spam,"Unclaimed inheritance: Our law firm represents a deceased client with your surname who left $8.5M. Reply confidentially."
spam,"Secret method reveals how ordinary college students make $800 daily on autopilot. Download free guide now."
spam,"Attention: Your cloud backup has failed. Click here to renew your cloud license and restore all personal photos."
spam,"Win a trip for two to the Bahamas! All expenses paid cruise. Enter your email and credit card for verification."
spam,"Security Alert: Your social media account will be deleted within 24 hours due to copyright infringement. Appeal here."
spam,"Flash Sale: 85% off all electronics, smartphones, and laptops. Limited 24-hour flash deal, shop now."
spam,"You have received an encrypted message from your financial advisor. Click to decrypt and view wire instructions."
spam,"Earn money answering simple surveys from home. Get paid $50 per survey directly into your PayPal account."
spam,"Urgent KYC update required: Regulators require all crypto holders to verify their identity. Submit documents here."
spam,"You won the UK National Lottery! Ticket number matched top tier prize of £500,000. Send passport copy to claim."
spam,"Exclusive investment opportunity: Pre-IPO shares of cutting-edge AI company available at 90% discount. Act fast."
spam,"Order Confirmation #48291: Thank you for buying MacBook Pro $2,499. If you did not make this purchase, call support now."
spam,"Your electricity bill is overdue. Power will be disconnected in 4 hours unless paid immediately via Bitcoin kiosk."
spam,"Congratulations! You have been nominated for the Who is Who Professional Excellence Award. Purchase plaque now."
spam,"Free membership upgrade! Enjoy lifetime premium streaming access. Click here to claim your complimentary code."
spam,"Urgent notification: Your medical insurance plan requires re-certification. Provide your social security number to maintain coverage."
spam,"Get rich with automated forex trading signals. 99.8% win rate certified by international traders. Join VIP group today."
spam,"Immediate action required: Suspicious charge of $899.00 on your Visa card. Call fraud prevention team immediately."
spam,"You have an unclaimed cash rebate from your cellular service provider. Click link to deposit funds into your bank."
spam,"Work as a secret mystery shopper and get paid $400 per assignment. Evaluation kit and advance check on the way."
spam,"Confidential business proposal: Transfer of $15,000,000 from offshore treasury account. 30% commission for your assistance."
ham,"Reminder: Machine Learning semester project review is scheduled for Thursday at 10:00 AM in Lab 304. Please bring your slides."
ham,"CS401 Course Update: Professor Sharma has posted the revised syllabus and reading materials for Module 4 on the college portal."
ham,"Hi team, please find attached the meeting notes and action items from our sprint planning session earlier today."
ham,"College Library Notice: The books you borrowed on Data Structures and Algorithms are due for return on Monday, Oct 12."
ham,"Internship Offer: We are pleased to offer you the position of Junior Software Engineering Intern for the upcoming summer term."
ham,"Department Announcement: Guest lecture on Deep Learning architectures by Dr. Alan Smith this Friday in the main auditorium."
ham,"Hi Alex, are you available for a quick sync at 3 PM today to discuss the database schema changes for our project?"
ham,"Assignment 3 submission deadline has been extended to Sunday 11:59 PM. Please submit your Jupyter notebook on GitHub Classroom."
ham,"Notice: Campus placement drive for Capgemini and Infosys starts next Tuesday. Ensure your resume is uploaded to the placement cell."
ham,"ACM Student Chapter Hackathon 2026 registration is now open. Form teams of 3 to 4 students and register before Friday."
ham,"Hi, thanks for sending over the draft report. I reviewed the methodology section and left a few constructive comments."
ham,"College Athletic Meet: Annual sports day registrations have commenced. Interested students should contact the physical education office."
ham,"Office Hours: Professor Johnson will hold extra office hours tomorrow between 2 PM and 4 PM to assist with final exam preparation."
ham,"GitHub Notification: Pull request #14 'Add TF-IDF text preprocessing pipeline' has been approved and merged into main."
ham,"Project status report: The frontend React components and backend REST API endpoints have been successfully connected."
ham,"Important: Semester exam admit cards are available for download on the student portal starting tomorrow morning."
ham,"Hey, do you want to grab lunch at the campus cafeteria after our operating systems lab session?"
ham,"Fee Payment Reminder: Second installment of tuition fee for the current semester is due by the end of this month."
ham,"Workshop on Cloud Computing and Docker: Department of Computer Science invites all third-year students to attend Saturday's workshop."
ham,"Hi team, I pushed the updated unit tests for the authentication service. Please pull the latest commits before running tests."
ham,"Alumni Mentorship Program: Connect with industry professionals working at top tech firms. Fill the interest form by Wednesday."
ham,"Invitation: You are invited to attend the Department of Engineering Capstone Exhibition on November 15 in the exhibition hall."
ham,"Course Feedback: Student feedback survey for CS302 Database Management Systems is now open. Your honest input is appreciated."
ham,"Hi, here is the reference paper on Multinomial Naive Bayes text classification we talked about during the research seminar."
ham,"Grade notification: Your marks for Midterm Exam 2 have been published on the student information system."
ham,"Lab Equipment Notice: Microcontroller kits for the Embedded Systems laboratory must be returned before 5 PM today."
ham,"Transportation Schedule: College buses will operate on special holiday timings during the upcoming festival weekend."
ham,"Hi David, could you please forward me the slide deck from yesterday's natural language processing presentation?"
ham,"IEEE Student Branch: Call for papers for the upcoming National Student Conference on Artificial Intelligence."
ham,"Dear student, your scholarship application has been verified and approved by the financial aid committee."
ham,"Reminder: Career fair prep session and mock interview workshop will be held in Hall B this afternoon at 4 PM."
ham,"Hey, I updated the shared Google Drive folder with the dataset CSV files and sample scripts for our group assignment."
ham,"Blood Donation Camp: Youth Red Cross society is organizing a voluntary blood donation drive at the campus health center."
ham,"Faculty Advisory: Academic advising appointments for next semester course registration will open next Monday."
ham,"Hi Sarah, let's meet at the central library study room at 5 PM to finalize our presentation for the ML committee."
ham,"Notice: Campus Wi-Fi will undergo scheduled maintenance this Saturday between 1 AM and 4 AM. Expect brief downtime."
ham,"Robotics Club meeting: The introductory session for the national drone competition will take place this Thursday evening."
ham,"Please review the attached minutes of meeting from the Computer Science Curriculum Review Board."
ham,"Cultural Festival Auditions: Dance, music, and drama club audition slots have been assigned. Check the student notice board."
ham,"Placement Training: Soft skills and aptitude training classes will begin this weekend for all pre-final year students."
ham,"Hi team, we need to finalize the project documentation and architecture diagram before the internal panel review next week."
ham,"Hostel warden notice: Room inspection and maintenance checks will take place this Wednesday between 10 AM and 1 PM."
ham,"Invitation to the Annual Tech Fest: Register your events and project exhibits through the official college tech fest portal."
ham,"Hey, did you get a chance to test the email spam classification API on your local machine yet?"
ham,"Notice from Dean of Student Affairs: Orientation program for newly admitted postgraduate students on Monday."
ham,"CS204 Object Oriented Programming: Practice problem set 4 has been uploaded to the university learning management system."
ham,"Hi everyone, the group project repository has been initialized with the Vite frontend and Flask backend boilerplate."
ham,"Department newsletter: Read about student research publications, campus achievements, and upcoming technical symposia."
ham,"Class schedule change: Friday morning compiler design lecture has been rescheduled to Monday afternoon at 2 PM."
ham,"Hey, great job on the presentation today! The professor was very pleased with our model evaluation metrics and confusion matrix."
