sender,receiver,subject,body,intended_label
prize-claim@lottery-intl.xyz,student@college.edu,"Congratulations! You won $1,000,000 cash prize","Dear lucky winner, your email was randomly selected in our international mobile sweepstakes draw. You have won $1,000,000. Click here immediately to claim your cash reward before the prize expires.",spam
security-alert@national-bank-verify.cc,student@college.edu,"URGENT: Your bank account has been suspended","Urgent account verification required. We detected unauthorized login attempts on your checking account. Click here to verify your identity and restore access within 24 hours.",spam
rewards@gift-center-promo.top,student@college.edu,"Claim your $500 Amazon Gift Card reward now","You have been selected as our VIP customer of the day! Click this link to complete a quick 2-minute survey and receive your $500 digital gift card code immediately.",spam
careers@work-from-home-fast.biz,student@college.edu,"Work from home! Earn $5,000 per week guaranteed","Exciting remote data entry opportunity. No prior experience required. Flexible working hours and guaranteed payments deposited weekly into your account. Register now.",spam
billing@netflix-member-renewal.club,student@college.edu,"Payment Failed: Update your Netflix billing details","Your monthly streaming subscription could not be renewed. Update your credit card details immediately at our secure portal to avoid service termination.",spam
invest@crypto-double-returns.org,student@college.edu,"Double your Bitcoin in 24 hours with zero risk","Our revolutionary AI crypto trading algorithm delivers 200% guaranteed returns on automated arbitrage. Deposit $100 in Bitcoin today and watch your wallet grow.",spam
barrister-williams@inheritance-fund.net,student@college.edu,"Confidential: Claim $8.5 Million inheritance fund","I am Barrister David Williams representing a deceased foreign client who left an unclaimed estate of $8.5M. Contact me confidentially with your bank account details.",spam
support@cloud-storage-quota.info,student@college.edu,"Urgent Action: Your email mailbox quota is 99% full","Your mailbox storage has exceeded its quota limit. Incoming messages will be rejected unless you validate your password and upgrade your mailbox quota immediately.",spam
vip@luxury-brand-discount.shop,student@college.edu,"Exclusive 90% discount on Rolex and luxury watches","Limited 24-hour flash sale! Get authentic designer luxury watches at up to 90% off manufacturer price. Free express worldwide shipping on all orders today only.",spam
delivery@customs-clearance-fees.link,student@college.edu,"Package delivery pending: Pay $2.99 customs fee","Your international package #US-884920 is currently held at our distribution center due to unpaid customs duties. Click to pay the $2.99 clearance fee now.",spam
casino@jackpot-free-spins.net,student@college.edu,"Win real money! 200 Free spins + $1,000 welcome bonus","Join millions of winners at our online casino. Claim 200 free spins with zero deposit required and withdraw your cash jackpot instantly today.",spam
security@paypal-dispute-alert.click,student@college.edu,"Warning: Suspicious transaction detected on your PayPal account","We noticed a payment of $890.00 made to an unknown merchant. If you did not authorize this transaction, click here immediately to dispute the charge and protect your funds.",spam
loans@instant-cash-approval.me,student@college.edu,"Pre-approved personal loan up to $50,000 without credit check","Need fast cash? Get instant loan approval with zero collateral and 0% interest for the first 12 months. Funds transferred to your bank in 15 minutes.",spam
tax-audit@revenue-penalty-notice.site,student@college.edu,"Final Notice: Overdue tax payment and impending legal action","Federal tax audit has found an outstanding balance of $3,450 on your tax return. Failure to respond within 12 hours will result in immediate bank account seizure and arrest.",spam
apple-promo@tech-survey-giveaway.co,student@college.edu,"Congratulations! You were chosen to win an iPhone 15 Pro","You are among the select participants eligible for a free Apple iPhone 15 Pro Max giveaway. Confirm your shipping address by clicking the link below.",spam
ceo@urgent-executive-request.xyz,student@college.edu,"Urgent task from CEO: Purchase gift cards immediately","I am in an urgent executive board meeting and cannot take calls. I need you to purchase 4 Apple gift cards of $100 each for client gifts and reply with photos of the codes.",spam
refund@irs-stimulus-payment.top,student@college.edu,"Notice of unclaimed stimulus refund payment","You have an unclaimed federal stimulus payment of $1,400 ready for electronic transfer. Verify your banking details to complete the direct deposit.",spam
dr.sharma@college.edu,student@college.edu,"Machine Learning Project: First Review Schedule Announcement","Dear students, the first phase review for the final year Machine Learning projects will take place this Thursday in Lab 304 starting at 10:00 AM. Please ensure your slide deck and architecture diagrams are uploaded to the portal by Wednesday evening.",legitimate
placement-cell@college.edu,student@college.edu,"Campus Placement Drive: Capgemini & Infosys Registration","All final year Computer Science and Information Technology students are invited to register for the upcoming joint campus placement drive. Review the eligibility criteria and submit your updated resume before Friday 5:00 PM.",legitimate
cs-hod@college.edu,student@college.edu,"Guest Lecture on Deep Learning and Transformers by Dr. Alan Smith","The Department of Computer Science is pleased to invite all undergraduate and postgraduate students to a technical guest lecture on Large Language Models and Deep Learning architectures on Friday at 2:00 PM in the Main Seminar Hall.",legitimate
prof.johnson@college.edu,student@college.edu,"CS402 Database Systems: Assignment 3 Deadline Extension","Based on multiple student requests, the deadline for submitting Assignment 3 on SQL indexing and query optimization has been extended to Sunday, October 11, at 11:59 PM. Please push your code to your GitHub Classroom repository.",legitimate
alex.project-partner@college.edu,student@college.edu,"Project Meeting: Reviewing backend API endpoints and schema","Hi, let's meet in the central library discussion room at 4 PM today to review the Flask API endpoints and SQLite schema for our Spam Detection project. I have pushed the initial database models to our Git branch.",legitimate
library@college.edu,student@college.edu,"College Central Library: Overdue Book Return Reminder","Dear student, this is a friendly reminder that the book 'Pattern Recognition and Machine Learning' by Christopher Bishop borrowed on your library card is due for return tomorrow. You may renew online via the library portal if no holds exist.",legitimate
acm-chapter@college.edu,student@college.edu,"Annual 24-Hour Hackathon 2026: Team Registration Open","The ACM Student Chapter is excited to announce HackSprint 2026. Form your teams of 3 to 4 students and register to build innovative software solutions in AI, Web3, and IoT. Cash prizes and certificates for top teams.",legitimate
internships@techcorp-solutions.com,student@college.edu,"Offer Letter: Machine Learning Research Intern Position","Dear candidate, following your recent technical interviews, we are delighted to offer you the position of Machine Learning Intern at TechCorp Solutions for the upcoming summer term. Please review the attached offer letter and reply with your signed acceptance.",legitimate
sarah.classmate@college.edu,student@college.edu,"Class Notes: Natural Language Processing lecture from Tuesday","Hey, in case you missed Tuesday's NLP class, here are my handwritten notes on TF-IDF vectorization and Naive Bayes probability calculations. Hope this helps with exam prep!",legitimate
academic-office@college.edu,student@college.edu,"Semester End Examination Schedule and Hall Ticket Download","The timetable for the upcoming semester examinations has been published on the student portal. Students may download their digital hall tickets after verifying fee clearance starting next Monday.",legitimate
ieee-branch@college.edu,student@college.edu,"Call for Papers: Student Conference on Artificial Intelligence","The IEEE Student Branch invites paper submissions on Applied Machine Learning, Cyber Security, and Cloud Computing. Selected papers will be submitted for inclusion in the IEEE Xplore digital library.",legitimate
counseling@college.edu,student@college.edu,"Academic Advising and Course Registration for Next Semester","Pre-registration advising sessions with your assigned faculty advisor will commence next week. Please book a 15-minute slot via the advising appointment scheduler to plan your elective subjects.",legitimate
sports-director@college.edu,student@college.edu,"Annual Inter-Department Sports Tournament 2026 Fixtures","The official match schedule for football, basketball, badminton, and cricket matches has been finalized. Team captains must attend the captains' briefing today at 4:30 PM in the Gymnasium.",legitimate
alumni-relations@college.edu,student@college.edu,"Alumni Mentorship Series: Tech Careers and Industry Insights","Join our interactive virtual panel with college alumni working as Senior Software Engineers and Data Scientists at Google, Microsoft, and Amazon this Saturday at 6:00 PM via Google Meet.",legitimate
david.group@college.edu,student@college.edu,"GitHub Pull Request #7: Authentication and Protected Routes Ready","Hey, I just opened a pull request with the JWT authentication and protected route wrappers for the frontend. Could you please take a look and merge it so we can connect the dashboard?",legitimate
cultural-committee@college.edu,student@college.edu,"Auditions for College Annual Fest Music and Drama Teams","Auditions for the college music band and theater club will be held this Wednesday from 3 PM to 6 PM in the Student Activity Center. All enthusiastic performers are encouraged to audition.",legitimate
exam-cell@college.edu,student@college.edu,"Midterm Exam 2 Evaluation and Paper Viewing Schedule","Students wishing to view their evaluated answer scripts for Midterm Exam 2 may do so in the respective faculty cabins on Thursday between 2 PM and 4 PM.",legitimate
